"Date_Updated","Captions","Hashtags"
"2021-09-15","Rise and grind with Ckara Coffee ???","#CaffeineChuckle #RoastAndRejoice #BrewtifulBanter"
"2021-09-22","Sip, sip, hooray! It's Ckara time! ????","#EspressoEuphoria #LatteLaughs #CaffeineClub"
"2021-09-29","A latte love for our amazing customers! ????","#SipAndShare #MorningsMadeBetter #CuppaComfort"
"2021-10-06","Espresso yourself at Ckara Coffee! ???????","#CoffeeAndLaughs #PerkUpPals #MugMoments"
"2021-10-13","Caffeinate your day the Ckara way! ????","#BrewAndBanter #RoastAndRelax #CaffeineClan"
"2021-10-20","Life happens, coffee helps. Especially when it's from Ckara! ????","#SavorTheSips #BrewingHappiness #CoffeeCuddle"
"2021-10-27","Start your day on a delicious note with Ckara Coffee! ????","#PerkAndPlay #LatteLaughs #MugMagic"
"2021-11-03","Brewing up happiness, one cup at a time. Welcome to Ckara! ????","#BrewedBrilliance #SipAndSmirk #CoffeeClique"
"2021-11-10","Need a pick-me-up? Ckara's got you covered! ????","#MorningMusings #SipsAndGiggles #JavaJaunt"
"2021-11-17","Happiness is a cup of Ckara Coffee in hand. ????","#CupOfCheer #EspressoEnvy #SipAndGrin"
"2021-11-24","Coffee lovers unite! Join us at Ckara for your daily dose of joy! ????","#CoffeeChat #CaffeineComrades #BrewingBuddies"
"2021-12-01","Tag someone who needs a Ckara Coffee right now! ???????","#MorningMerriment #CoffeeCamaraderie #SipAndSnicker"
"2021-12-08","Feeling brew-tiful today? Treat yourself to Ckara Coffee! ???????","#SipAndShare #MorningsMadeBetter #CuppaComfort"
"2021-12-15","When life gives you beans, make coffee! Preferably from Ckara. ????","#CoffeeAndLaughs #PerkUpPals #MugMoments"
"2021-12-22","Embrace the magic of mornings with Ckara Coffee! ???","#BrewAndBanter #RoastAndRelax #CaffeineClan"
"2021-12-29","Because every great day starts with great coffee. Visit Ckara today! ????","#SavorTheSips #BrewingHappiness #CoffeeCuddle"
"2022-01-05","Ckara Coffee: where every cup tells a story. What's yours? ????","#PerkAndPlay #LatteLaughs #MugMagic"
"2022-01-12","Keep calm and drink Ckara Coffee. Your taste buds will thank you! ????","#BrewedBrilliance #SipAndSmirk #CoffeeClique"
"2022-01-19","It's never too latte to grab a cup of Ckara Coffee! ????","#MorningMusings #SipsAndGiggles #JavaJaunt"
"2022-01-26","Feeling chilly? Warm up with a cup of Ckara's finest! ????","#CupOfCheer #EspressoEnvy #SipAndGrin"
"2022-02-02","The perfect blend of comfort and flavor awaits you at Ckara Coffee! ????","#CoffeeChat #CaffeineComrades #BrewingBuddies"
"2022-02-09","Let the aroma of freshly brewed coffee lead you to Ckara's doorstep! ????","#MorningMerriment #CoffeeCamaraderie #SipAndSnicker"
"2022-02-16","Your daily dose of happiness is just a sip away. Join us at Ckara! ????","#SipAndShare #MorningsMadeBetter #CuppaComfort"
"2022-02-23","Friends don't let friends drink bad coffee. Bring them to Ckara! ????","#MorningMagic #CuppaFun #BrewAndGiggle #CaffeineKick #SipAndSmile"
"2022-03-02","Fall in love with coffee all over again at Ckara Coffee! ????","#SipAndSalsa #CaffeineCraze #MorningMagic"
"2022-03-09","A cup of Ckara Coffee: the ultimate mood booster! ????","#MorningMingle #CoffeeCraze #BrewAndBlast #SipAndSalsa #CaffeineCraze"
"2022-03-16","Happiness brewed fresh daily at Ckara Coffee! ????","#CuppaFun #BrewAndGiggle #CaffeineKick #MorningMingle #CoffeeCraze #BrewAndBlast"
"2022-03-23","Because life's too short for mediocre coffee. Choose Ckara! ???","#CupOfCheer #EspressoEnvy #SipAndGrin"
"2022-03-30","Wake up and smell the coffee! It's Ckara o'clock! ???","#MorningMingle #CoffeeCraze #BrewAndBlast #SipAndSalsa #CaffeineCraze #MorningMagic"
"2022-04-06","Make every moment count with a cup of Ckara's finest! ????","#CuppaFun #BrewAndGiggle #CaffeineKick #MorningMingle #CoffeeCraze"
"2022-04-13","Ckara Coffee: Where every cup is a masterpiece. ????","#CoffeeChat #CaffeineComrades #BrewingBuddies"
"2022-04-20","Your morning routine just got a whole lot better. Thank you, Ckara! ????","#MorningMerriment #CoffeeCamaraderie #SipAndSnicker"
"2022-04-27","From bean to cup, excellence is our guarantee. Welcome to Ckara! ????","#MorningMingle #CoffeeCraze #BrewAndBlast #SipAndSalsa #CaffeineCraze"
"2022-05-04","Let's brew this! Start your day right with Ckara Coffee! ????","#MorningMagic #CuppaFun #BrewAndGiggle #CaffeineKick #SipAndSmile"
"2022-05-11","Coffee is our love language, and Ckara is our poetry. ????","#BrewAndBond #EspressoEnvy #SipAndGrin #CoffeeChat"
"2022-05-18","Because good days start with great coffee. Experience it at Ckara! ????","#CaffeineComrades #BrewingBuddies #MorningMerriment"
"2022-05-25","Keep calm and drink Ckara Coffee. Your taste buds will thank you! ????","#CoffeeCamaraderie #SipAndSnicker #CaffeineChuckle"
"2022-06-01","Your daily dose of happiness is just a sip away. Join us at Ckara! ????","#RoastAndRejoice #BrewtifulBanter #CupOfChuckles"
"2022-06-08","Friends don't let friends drink bad coffee. Bring them to Ckara! ????","#EspressoEuphoria #LatteLaughs #CaffeineClub"
"2022-06-15","Fall in love with coffee all over again at Ckara Coffee! ????","#SipAndShare #MorningsMadeBetter #CuppaComfort"
"2022-06-22","A cup of Ckara Coffee: the ultimate mood booster! ????","#CoffeeAndLaughs #PerkUpPals #MugMoments"
"2022-06-29","Happiness brewed fresh daily at Ckara Coffee! ????","#BrewAndBanter #RoastAndRelax #CaffeineClan"
"2022-07-06","Because life's too short for mediocre coffee. Choose Ckara! ???","#SavorTheSips #BrewingHappiness #CoffeeCuddle"
"2022-07-13","Wake up and smell the coffee! It's Ckara o'clock! ???","#PerkAndPlay #LatteLaughs #MugMagic"
"2022-07-20","Make every moment count with a cup of Ckara's finest! ????","#BrewedBrilliance #SipAndSmirk #CoffeeClique"
"2022-07-27","Ckara Coffee: Where every cup is a masterpiece. ????","#MorningMusings #SipsAndGiggles #JavaJaunt"
"2022-08-03","Your morning routine just got a whole lot better. Thank you, Ckara! ????","#CupOfCheer #EspressoEnvy #SipAndGrin"
"2022-08-10","From bean to cup, excellence is our guarantee. Welcome to Ckara! ????","#CoffeeChat #CaffeineComrades #BrewingBuddies"
"2022-08-17","Let's brew this! Start your day right with Ckara Coffee! ????","#MorningMerriment #CoffeeCamaraderie #SipAndSnicker"
"2022-08-24","Coffee is our love language, and Ckara is our poetry. ????","#CaffeineChuckle #RoastAndRejoice #BrewtifulBanter"
"2022-08-31","Sip back and relax with Ckara Coffee. You deserve it! ????","#CupOfChuckles #EspressoEuphoria #LatteLaughs"
"2022-09-07","A sip of happiness awaits you at Ckara Coffee! ????","#CaffeineClub #SipAndShare #MorningsMadeBetter"
"2022-09-14","Ckara Coffee: where every cup is a masterpiece. ?????","#CuppaComfort #CoffeeAndLaughs #PerkUpPals"
"2022-09-21","Good vibes start with great coffee. Get yours at Ckara! ????","#MugMoments #BrewAndBanter #RoastAndRelax"
"2022-09-28","Life's too short for bad coffee. That's why we're here! ????","#CaffeineClan #SavorTheSips #BrewingHappiness"
"2022-10-05","Ckara Coffee: Bringing people together, one cup at a time. ????","#CoffeeCuddle #PerkAndPlay #LatteLaughs"
"2022-10-12","Don't just drink coffee, experience it with Ckara! ????","#MugMagic #BrewedBrilliance #SipAndSmirk"
"2022-10-19","Your morning routine just got an upgrade. Welcome to Ckara! ????","#CoffeeClique #MorningMusings #SipsAndGiggles"
"2022-10-26","Coffee so good, it'll leave you craving for more. Only at Ckara! ????","#JavaJaunt #CupOfCheer #EspressoEnvy"
"2022-11-02","Treat yourself to a little piece of heaven at Ckara Coffee! ????","#SipAndGrin #CoffeeChat #CaffeineComrades"
"2022-11-09","Happiness in every sip. That's the Ckara promise! ????","#BrewingBuddies #MorningMerriment #CoffeeCamaraderie"
"2022-11-16","Join the Ckara community and indulge in the art of coffee! ????","#SipAndSnicker #CaffeineChuckle #RoastAndRejoice"
"2022-11-23","Coffee lovers rejoice! Your haven awaits at Ckara Coffee! ????","#BrewtifulBanter #CupOfChuckles #EspressoEuphoria"
"2022-11-30","Because every day is a good day for coffee. Especially from Ckara! ????","#LatteLaughs #CaffeineClub #SipAndShare"
"2022-12-07","Ckara Coffee: where passion meets perfection. ????","#MorningsMadeBetter #CuppaComfort #CoffeeAndLaughs"
"2022-12-14","Need a caffeine fix? Ckara's got you covered! ????","#PerkUpPals #MugMoments #BrewAndBanter"
"2022-12-21","Step into Ckara Coffee and step into a world of flavor! ????","#RoastAndRelax #CaffeineClan #SavorTheSips"
"2022-12-28","Your taste buds called. They want Ck","#BrewingHappiness #CoffeeCuddle #PerkAndPlay"
"2023-01-04",", Your taste buds called. They want Ckara Coffee. ????","#LatteLaughs #MugMagic #BrewedBrilliance"
"2023-01-11","Inhale the aroma, indulge in the flavor. Ckara Coffee awaits! ????","#SipAndSmirk #CoffeeClique #MorningMusings"
"2023-01-18","Start your day right with a smile and a cup of Ckara Coffee! ????","#SipsAndGiggles #JavaJaunt #CupOfCheer"
"2023-01-25","Craving something sweet? Ckara's pastries pair perfectly with our coffee! ????","#EspressoEnvy #SipAndGrin #CoffeeChat"
"2023-02-01","Elevate your coffee game with Ckara's premium blends! ????","#CaffeineComrades #BrewingBuddies #MorningMerriment"
"2023-02-08","Coffee, pastries, and everything nice. That's the Ckara way! ????","#CoffeeCamaraderie #SipAndSnicker #CaffeineChuckle"
"2023-02-15","Make every moment memorable with Ckara Coffee by your side! ????","#RoastAndRejoice #BrewtifulBanter #CupOfChuckles"
"2023-02-22","Indulge in the finer things in life with Ckara Coffee! ????","#EspressoEuphoria #LatteLaughs #CaffeineClub"
"2023-03-01","Treat yourself to a little luxury at Ckara Coffee! ????","#SipAndShare #MorningsMadeBetter #CuppaComfort"
"2023-03-08","Because you deserve nothing but the best. That's why there's Ckara! ???","#CoffeeAndLaughs #PerkUpPals #MugMoments"
"2023-03-15","Spice up your day with a dash of Ckara Coffee! ?????","#BrewAndBanter #RoastAndRelax #CaffeineClan"
"2023-03-22","Happiness is... a warm cup of Ckara Coffee! ????","#SavorTheSips #BrewingHappiness #CoffeeCuddle"
"2023-03-29","Ckara Coffee: the fuel for your everyday adventures! ????","#PerkAndPlay #LatteLaughs #MugMagic"
"2023-04-05","Step into our world of flavor and discover the magic of Ckara Coffee! ???","#BrewedBrilliance #SipAndSmirk #CoffeeClique"
"2023-04-12","Coffee and smiles served daily at Ckara! ????","#MorningMusings #SipsAndGiggles #JavaJaunt"
"2023-04-19","Warm up your soul with a cup of Ckara's finest! ????","#CupOfCheer #EspressoEnvy #SipAndGrin"
"2023-04-26","Let the aroma of freshly brewed coffee guide you to Ckara! ????","#CoffeeChat #CaffeineComrades #BrewingBuddies"
"2023-05-03","Because life's too short to drink bad coffee. Choose Ckara! ????","#MorningMerriment #CoffeeCamaraderie #SipAndSnicker"
"2023-05-10","Need a little pick-me-up? Ckara's got you covered! ????","#CaffeineChuckle #RoastAndRejoice #BrewtifulBanter"
"2023-05-17","Every cup tells a story at Ckara Coffee. What's yours? ????","#CupOfChuckles #EspressoEuphoria #LatteLaughs"
"2023-05-24","Craving a little indulgence? Ckara Coffee is here for you! ????","#CaffeineClub #SipAndShare #MorningsMadeBetter"
"2023-05-31","Start your day the right way: with a cup of Ckara Coffee in hand! ????","#CuppaComfort #CoffeeAndLaughs #PerkUpPals"
"2023-06-07","Dive into a world of flavor with Ckara Coffee! ????","#MugMoments #BrewAndBanter #RoastAndRelax"
"2023-06-14","Let your taste buds dance with delight at Ckara Coffee! ????","#CaffeineClan #SavorTheSips #BrewingHappiness"
"2023-06-21","Experience coffee like never before at Ckara! ???","#CoffeeCuddle #PerkAndPlay #LatteLaughs"
"2023-06-28","Need a reason to smile? Ckara Coffee has plenty! ????","#MugMagic #BrewedBrilliance #SipAndSmirk"
"2023-07-05","Sip, savor, repeat. That's the Ckara way! ????","#CoffeeClique #MorningMusings #SipsAndGiggles"
"2023-07-12","Unwind with a cup of Ckara's finest. You deserve it! ????","#JavaJaunt #CupOfCheer #EspressoEnvy"
"2023-07-19","Ckara Coffee: where every cup is a masterpiece. ????","#SipAndGrin #CoffeeChat #CaffeineComrades"
"2023-07-26","Happiness brewed fresh daily at Ckara Coffee! ????","#BrewingBuddies #MorningMerriment #CoffeeCamaraderie"
"2023-08-02","Because life's too short for mediocre coffee. Choose Ckara! ???","#SipAndSnicker #CaffeineChuckle #RoastAndRejoice"
"2023-08-09","Wake up and smell the coffee! It's Ckara o'clock! ???","#BrewtifulBanter #CupOfChuckles #EspressoEuphoria"
"2023-08-16","Make every moment count with a cup of Ckara's finest! ????","#LatteLaughs #CaffeineClub #SipAndShare"
"2023-08-23","Ckara Coffee: Where every cup is a masterpiece. ????","#MorningsMadeBetter #CuppaComfort #CoffeeAndLaughs"
"2023-08-30","Your morning routine just got a whole lot better. Thank you, Ckara! ????","#PerkUpPals #MugMoments #BrewAndBanter"
"2023-09-06","From bean to cup, excellence is our guarantee. Welcome to Ckara! ????","#RoastAndRelax #CaffeineClan #SavorTheSips"
"2023-09-13","Let's brew this! Start your day right with Ckara Coffee! ????","#BrewingHappiness #CoffeeCuddle #PerkAndPlay"
"2023-09-20","Coffee is our love language, and Ckara is our poetry. ????","#LatteLaughs #MugMagic #BrewedBrilliance"
"2023-09-27","Sip back and relax with Ckara Coffee. You deserve it! ????","#SipAndSmirk #CoffeeClique #MorningMusings"
"2023-10-04","A sip of happiness awaits you at Ckara Coffee! ????","#SipsAndGiggles #JavaJaunt #CupOfCheer"
"2023-10-11","Ckara Coffee: where every cup is a masterpiece. ?????","#EspressoEnvy #SipAndGrin #CoffeeChat"
"2023-10-18","Good vibes start with great coffee. Get yours at Ckara! ????","#CaffeineComrades #BrewingBuddies #MorningMerriment"
"2023-10-25","Life's too short for bad coffee. That's why we're here! ????","#CoffeeCamaraderie #SipAndSnicker #CaffeineChuckle"
"2023-11-01","Ckara Coffee: Bringing people together, one cup at a time. ????","#RoastAndRejoice #BrewtifulBanter #CupOfChuckles"
"2023-11-08","Don't just drink coffee, experience it with Ckara! ????","#EspressoEuphoria #LatteLaughs #CaffeineClub"
"2023-11-15","Your morning routine just got an upgrade. Welcome to Ckara! ????","#SipAndShare #MorningsMadeBetter #CuppaComfort"
"2023-11-22","Coffee so good, it'll leave you craving for more. Only at Ckara! ????","#CoffeeAndLaughs #PerkUpPals #MugMoments"
"2023-11-29","Treat yourself to a little piece of heaven at Ckara Coffee! ????","#BrewAndBanter #RoastAndRelax #CaffeineClan"
"2023-12-06","Happiness in every sip. That's the Ckara promise! ????","#SavorTheSips #BrewingHappiness #CoffeeCuddle"
"2023-12-13","Join the Ckara community and indulge in the art of coffee! ????","#PerkAndPlay #LatteLaughs #MugMagic"
"2023-12-20","Coffee lovers rejoice! Your haven awaits at Ckara Coffee! ????","#BrewedBrilliance #SipAndSmirk #CoffeeClique"
"2023-12-27","Because every day is a good day for coffee. Especially from Ckara! ????","#MorningMusings #SipsAndGiggles #JavaJaunt"
"2024-01-03","Ckara Coffee: where passion meets perfection. ????","#CupOfCheer #EspressoEnvy #SipAndGrin"
"","",""
"","",""
"","",""
"","",""
